id;name;birth_date;created_by;created_date;last_modified_by;last_modified_date
1;almost;2020-06-26;positively tremendously now;2020-06-27T01:39:39;limply apropos sheepishly;2020-06-27T04:21:58
2;so proud oh;2020-06-26;who swathe;2020-06-26T21:29:18;wherever;2020-06-26T20:24:27
3;amidst zowie;2020-06-26;neatly whoa final;2020-06-27T04:10:13;stint apropos;2020-06-27T04:52:36
4;whoa;2020-06-27;oof;2020-06-27T03:36:36;fussy unless;2020-06-26T21:20:05
5;without because within;2020-06-27;whoa;2020-06-27T07:22:29;similar;2020-06-26T19:26:32
6;up;2020-06-26;among whispered;2020-06-26T21:51:05;including unruly since;2020-06-26T18:53:50
7;gee qua hassle;2020-06-27;connect warmhearted righteously;2020-06-26T17:44:24;swine;2020-06-27T05:13:57
8;yet notwithstanding;2020-06-27;considerate strictly old;2020-06-26T11:34:05;shrilly;2020-06-26T16:40:24
9;whether;2020-06-26;yippee;2020-06-27T02:48:48;disconnection energetically incomplete;2020-06-26T23:35:55
10;configuration when progress;2020-06-26;now;2020-06-27T02:26:19;yahoo;2020-06-27T05:32:03
