id;name;created_by;created_date;last_modified_by;last_modified_date
1;shrilly;glimmer;2020-06-27T07:01:28;tenant ready tattered;2020-06-27T07:14:19
2;down qualified per;once incidentally fat;2020-06-27T01:09:14;mid uh-huh;2020-06-27T04:15:09
3;morning fooey when;certification testing;2020-06-26T09:32:40;smart;2020-06-27T03:13:38
4;whoa nearly dull;lucky creaking furthermore;2020-06-27T01:09:59;march gee;2020-06-26T08:00:12
5;supposing yum;conjecture;2020-06-26T12:28:24;tenement hunt furthermore;2020-06-26T18:10:35
6;blah till fooey;decide;2020-06-26T09:50:54;who;2020-06-27T03:57:04
7;yuck;aw;2020-06-27T03:55:12;rule;2020-06-26T09:49:54
8;surprisingly almost;grounded mallard;2020-06-26T21:44:56;now almighty;2020-06-26T22:19:51
9;opera;within absent nor;2020-06-26T15:14:02;after;2020-06-27T00:32:32
10;anxiously;what yahoo;2020-06-26T18:50:26;director;2020-06-26T08:59:11
