id;first_name;last_name;created_by;created_date;last_modified_by;last_modified_date
1;Josephine;Wehner;down through sign;2020-06-26T12:36:18;boohoo;2020-06-27T01:29:07
2;Kylie;Hills-Mills;as jellyfish who;2020-06-27T04:32:29;er yuck;2020-06-26T16:42:52
3;Jarrell;Lehner;viability;2020-06-26T08:58:27;upon;2020-06-26T10:59:19
4;Grayson;Swaniawski;whole unnecessarily ack;2020-06-26T15:30:00;after shrilly;2020-06-26T18:46:51
5;Jacques;Cronin;gah honorable;2020-06-26T21:05:57;ouch however where;2020-06-26T19:41:13
6;Alexane;Lowe;meanwhile beside e-mail;2020-06-26T16:56:16;sock hydrolyse given;2020-06-26T13:35:17
7;Woodrow;Kuvalis;consequently;2020-06-26T14:41:42;runny conceptualize approximate;2020-06-27T05:53:08
8;Luther;Steuber;ah;2020-06-27T07:12:04;till unimportant;2020-06-27T01:26:08
9;Thora;Rau;cappelletti ew;2020-06-27T01:24:45;reach consequently yuck;2020-06-27T06:35:25
10;Willa;Senger;boohoo disloyal;2020-06-26T23:54:01;disrespect plus;2020-06-26T07:59:14
